FileName,Image,Binary,Masked,CellCount,Area
t0001,"[[132 132 131 ... 126 127 127]
 [132 133 131 ... 126 126 125]
 [129 131 129 ... 126 128 126]
 ...
 [139 140 138 ... 119 118 119]
 [141 139 139 ... 118 119 117]
 [141 139 136 ... 118 119 119]]","[array([[ True,  True,  True, ...,  True,  True,  True],
       [ True,  True,  True, ...,  True,  True,  True],
       [ True,  True,  True, ...,  True,  True,  True],
       ...,
       [ True,  True,  True, ...,  True,  True,  True],
       [ True,  True,  True, ...,  True,  True,  True],
       [ True,  True,  True, ...,  True,  True,  True]])]","[array([[False, False, False, ..., False, False, False],
       [False, False, False, ..., False, False, False],
       [False, False, False, ..., False, False, False],
       ...,
       [False, False, False, ..., False, False, False],
       [False, False, False, ..., False, False, False],
       [False, False, False, ..., False, False, False]])]",1,123
t0040,"[[132 132 132 ... 126 124 125]
 [131 130 132 ... 127 127 125]
 [131 129 130 ... 129 129 126]
 ...
 [139 139 140 ... 118 118 118]
 [141 139 140 ... 120 120 117]
 [139 138 141 ... 120 120 117]]","[array([[ True,  True,  True, ...,  True,  True,  True],
       [ True,  True,  True, ...,  True,  True,  True],
       [ True,  True,  True, ...,  True,  True,  True],
       ...,
       [ True,  True,  True, ...,  True,  True,  True],
       [ True,  True,  True, ...,  True,  True,  True],
       [ True,  True,  True, ...,  True,  True,  True]])]","[array([[False, False, False, ..., False, False, False],
       [False, False, False, ..., False, False, False],
       [False, False, False, ..., False, False, False],
       ...,
       [False, False, False, ..., False, False, False],
       [False, False, False, ..., False, False, False],
       [False, False, False, ..., False, False, False]])]",6,119
t0080,"[[132 132 131 ... 127 126 125]
 [132 130 131 ... 126 125 124]
 [131 130 131 ... 128 125 124]
 ...
 [140 139 139 ... 119 119 119]
 [140 140 140 ... 119 119 118]
 [138 139 139 ... 118 117 117]]","[array([[ True,  True,  True, ...,  True,  True,  True],
       [ True,  True,  True, ...,  True,  True,  True],
       [ True,  True,  True, ...,  True,  True,  True],
       ...,
       [ True,  True,  True, ...,  True,  True,  True],
       [ True,  True,  True, ...,  True,  True,  True],
       [ True,  True,  True, ...,  True,  True,  True]])]","[array([[False, False, False, ..., False, False, False],
       [False, False, False, ..., False, False, False],
       [False, False, False, ..., False, False, False],
       ...,
       [False, False, False, ..., False, False, False],
       [False, False, False, ..., False, False, False],
       [False, False, False, ..., False, False, False]])]",10,124
t0100,"[[131 133 133 ... 127 127 127]
 [130 132 132 ... 127 127 126]
 [131 131 131 ... 127 126 126]
 ...
 [138 140 139 ... 118 117 117]
 [139 139 140 ... 117 117 118]
 [139 138 138 ... 120 118 118]]","[array([[ True,  True,  True, ...,  True,  True,  True],
       [ True,  True,  True, ...,  True,  True,  True],
       [ True,  True,  True, ...,  True,  True,  True],
       ...,
       [ True,  True,  True, ...,  True,  True,  True],
       [ True,  True,  True, ...,  True,  True,  True],
       [ True,  True,  True, ...,  True,  True,  True]])]","[array([[False, False, False, ..., False, False, False],
       [False, False, False, ..., False, False, False],
       [False, False, False, ..., False, False, False],
       ...,
       [False, False, False, ..., False, False, False],
       [False, False, False, ..., False, False, False],
       [False, False, False, ..., False, False, False]])]",10,121
t0212,"[[132 132 132 ... 127 126 126]
 [132 131 131 ... 128 128 126]
 [133 132 131 ... 127 128 126]
 ...
 [140 140 139 ... 118 118 118]
 [140 141 140 ... 119 119 119]
 [140 140 139 ... 119 120 121]]","[array([[ True,  True,  True, ...,  True,  True,  True],
       [ True,  True,  True, ...,  True,  True,  True],
       [ True,  True,  True, ...,  True,  True,  True],
       ...,
       [ True,  True,  True, ...,  True,  True,  True],
       [ True,  True,  True, ...,  True,  True,  True],
       [ True,  True,  True, ...,  True,  True,  True]])]","[array([[False, False, False, ..., False, False, False],
       [False, False, False, ..., False, False, False],
       [False, False, False, ..., False, False, False],
       ...,
       [False, False, False, ..., False, False, False],
       [False, False, False, ..., False, False, False],
       [False, False, False, ..., False, False, False]])]",3,170
t0280,"[[133 133 132 ... 126 126 126]
 [133 132 132 ... 128 126 126]
 [132 132 132 ... 126 126 125]
 ...
 [139 139 137 ... 119 118 118]
 [140 139 138 ... 119 119 117]
 [140 140 140 ... 118 119 118]]","[array([[ True,  True,  True, ...,  True,  True,  True],
       [ True,  True,  True, ...,  True,  True,  True],
       [ True,  True,  True, ...,  True,  True,  True],
       ...,
       [ True,  True,  True, ...,  True,  True,  True],
       [ True,  True,  True, ...,  True,  True,  True],
       [ True,  True,  True, ...,  True,  True,  True]])]","[array([[False, False, False, ..., False, False, False],
       [False, False, False, ..., False, False, False],
       [False, False, False, ..., False, False, False],
       ...,
       [False, False, False, ..., False, False, False],
       [False, False, False, ..., False, False, False],
       [False, False, False, ..., False, False, False]])]",3,258
t0360,"[[132 135 132 ... 126 125 126]
 [131 132 132 ... 127 127 127]
 [132 132 131 ... 127 127 126]
 ...
 [139 139 139 ... 117 117 117]
 [140 139 138 ... 118 118 117]
 [140 140 138 ... 119 119 117]]","[array([[ True,  True,  True, ...,  True,  True,  True],
       [ True,  True,  True, ...,  True,  True,  True],
       [ True,  True,  True, ...,  True,  True,  True],
       ...,
       [ True,  True,  True, ...,  True,  True,  True],
       [ True,  True,  True, ...,  True,  True,  True],
       [ True,  True,  True, ...,  True,  True,  True]])]","[array([[False, False, False, ..., False, False, False],
       [False, False, False, ..., False, False, False],
       [False, False, False, ..., False, False, False],
       ...,
       [False, False, False, ..., False, False, False],
       [False, False, False, ..., False, False, False],
       [False, False, False, ..., False, False, False]])]",4,272
t0420,"[[131 131 130 ... 127 129 126]
 [131 129 131 ... 128 128 127]
 [129 130 132 ... 126 126 127]
 ...
 [137 138 139 ... 118 118 119]
 [140 141 140 ... 121 118 119]
 [138 139 136 ... 120 118 120]]","[array([[ True,  True,  True, ...,  True,  True,  True],
       [ True,  True,  True, ...,  True,  True,  True],
       [ True,  True,  True, ...,  True,  True,  True],
       ...,
       [ True,  True,  True, ...,  True,  True,  True],
       [ True,  True,  True, ...,  True,  True,  True],
       [ True,  True,  True, ...,  True,  True,  True]])]","[array([[False, False, False, ..., False, False, False],
       [False, False, False, ..., False, False, False],
       [False, False, False, ..., False, False, False],
       ...,
       [False, False, False, ..., False, False, False],
       [False, False, False, ..., False, False, False],
       [False, False, False, ..., False, False, False]])]",3,312
t0500,"[[132 133 132 ... 126 127 127]
 [131 131 132 ... 125 125 127]
 [131 131 132 ... 126 126 127]
 ...
 [139 139 140 ... 119 119 119]
 [141 140 138 ... 118 118 118]
 [140 139 138 ... 118 117 116]]","[array([[ True,  True,  True, ...,  True,  True,  True],
       [ True,  True,  True, ...,  True,  True,  True],
       [ True,  True,  True, ...,  True,  True,  True],
       ...,
       [ True,  True,  True, ...,  True,  True,  True],
       [ True,  True,  True, ...,  True,  True,  True],
       [ True,  True,  True, ...,  True,  True,  True]])]","[array([[False, False, False, ..., False, False, False],
       [False, False, False, ..., False, False, False],
       [False, False, False, ..., False, False, False],
       ...,
       [False, False, False, ..., False, False, False],
       [False, False, False, ..., False, False, False],
       [False, False, False, ..., False, False, False]])]",2,258
t0580,"[[130 132 131 ... 127 124 127]
 [131 132 132 ... 126 127 127]
 [130 131 131 ... 127 128 126]
 ...
 [139 138 139 ... 118 120 120]
 [140 139 140 ... 121 118 118]
 [142 142 140 ... 120 117 118]]","[array([[ True,  True,  True, ...,  True,  True,  True],
       [ True,  True,  True, ...,  True,  True,  True],
       [ True,  True,  True, ...,  True,  True,  True],
       ...,
       [ True,  True,  True, ...,  True,  True,  True],
       [ True,  True,  True, ...,  True,  True,  True],
       [ True,  True,  True, ...,  True,  True,  True]])]","[array([[False, False, False, ..., False, False, False],
       [False, False, False, ..., False, False, False],
       [False, False, False, ..., False, False, False],
       ...,
       [False, False, False, ..., False, False, False],
       [False, False, False, ..., False, False, False],
       [False, False, False, ..., False, False, False]])]",13,249
t0637,"[[133 133 133 ... 126 127 126]
 [133 132 133 ... 127 127 127]
 [132 132 131 ... 128 127 128]
 ...
 [138 139 139 ... 117 118 118]
 [139 138 139 ... 117 117 119]
 [139 139 139 ... 118 117 119]]","[array([[ True,  True,  True, ...,  True,  True,  True],
       [ True,  True,  True, ...,  True,  True,  True],
       [ True,  True,  True, ...,  True,  True,  True],
       ...,
       [ True,  True,  True, ...,  True,  True,  True],
       [ True,  True,  True, ...,  True,  True,  True],
       [ True,  True,  True, ...,  True,  True,  True]])]","[array([[False, False, False, ..., False, False, False],
       [False, False, False, ..., False, False, False],
       [False, False, False, ..., False, False, False],
       ...,
       [False, False, False, ..., False, False, False],
       [False, False, False, ..., False, False, False],
       [False, False, False, ..., False, False, False]])]",3,277
t0659,"[[132 132 132 ... 126 126 127]
 [133 132 132 ... 126 127 127]
 [130 131 132 ... 126 127 127]
 ...
 [139 137 137 ... 119 118 119]
 [141 140 139 ... 120 119 119]
 [139 139 138 ... 119 121 121]]","[array([[ True,  True,  True, ...,  True,  True,  True],
       [ True,  True,  True, ...,  True,  True,  True],
       [ True,  True,  True, ...,  True,  True,  True],
       ...,
       [ True,  True,  True, ...,  True,  True,  True],
       [ True,  True,  True, ...,  True,  True,  True],
       [ True,  True,  True, ...,  True,  True,  True]])]","[array([[False, False, False, ..., False, False, False],
       [False, False, False, ..., False, False, False],
       [False, False, False, ..., False, False, False],
       ...,
       [False, False, False, ..., False, False, False],
       [False, False, False, ..., False, False, False],
       [False, False, False, ..., False, False, False]])]",4,345
t0740,"[[130 132 133 ... 128 127 127]
 [131 133 132 ... 128 127 127]
 [131 133 132 ... 127 126 127]
 ...
 [138 139 140 ... 120 119 119]
 [139 139 139 ... 118 118 118]
 [140 140 139 ... 117 118 118]]","[array([[ True,  True,  True, ...,  True,  True,  True],
       [ True,  True,  True, ...,  True,  True,  True],
       [ True,  True,  True, ...,  True,  True,  True],
       ...,
       [ True,  True,  True, ...,  True,  True,  True],
       [ True,  True,  True, ...,  True,  True,  True],
       [ True,  True,  True, ...,  True,  True,  True]])]","[array([[False, False, False, ..., False, False, False],
       [False, False, False, ..., False, False, False],
       [False, False, False, ..., False, False, False],
       ...,
       [False, False, False, ..., False, False, False],
       [False, False, False, ..., False, False, False],
       [False, False, False, ..., False, False, False]])]",6,503
t0820,"[[134 133 132 ... 129 128 128]
 [134 132 132 ... 128 128 128]
 [133 135 134 ... 128 128 128]
 ...
 [141 141 140 ... 119 119 120]
 [142 140 140 ... 119 119 120]
 [141 140 140 ... 119 119 119]]","[array([[ True,  True,  True, ...,  True,  True,  True],
       [ True,  True,  True, ...,  True,  True,  True],
       [ True,  True,  True, ...,  True,  True,  True],
       ...,
       [ True,  True,  True, ...,  True,  True,  True],
       [ True,  True,  True, ...,  True,  True,  True],
       [ True,  True,  True, ...,  True,  True,  True]])]","[array([[False, False, False, ..., False, False, False],
       [False, False, False, ..., False, False, False],
       [False, False, False, ..., False, False, False],
       ...,
       [False, False, False, ..., False, False, False],
       [False, False, False, ..., False, False, False],
       [False, False, False, ..., False, False, False]])]",9,504
t0900,"[[134 134 134 ... 129 128 128]
 [134 134 134 ... 128 129 127]
 [133 133 133 ... 127 128 128]
 ...
 [141 141 141 ... 118 119 119]
 [142 142 142 ... 120 119 119]
 [142 142 141 ... 121 119 119]]","[array([[ True,  True,  True, ...,  True,  True,  True],
       [ True,  True,  True, ...,  True,  True,  True],
       [ True,  True,  True, ...,  True,  True,  True],
       ...,
       [ True,  True,  True, ...,  True,  True,  True],
       [ True,  True,  True, ...,  True,  True,  True],
       [ True,  True,  True, ...,  True,  True,  True]])]","[array([[False, False, False, ..., False, False, False],
       [False, False, False, ..., False, False, False],
       [False, False, False, ..., False, False, False],
       ...,
       [False, False, False, ..., False, False, False],
       [False, False, False, ..., False, False, False],
       [False, False, False, ..., False, False, False]])]",6,466
t1113,"[[134 134 134 ... 129 127 127]
 [133 134 134 ... 127 127 128]
 [133 132 133 ... 127 127 128]
 ...
 [142 142 141 ... 120 120 119]
 [142 141 140 ... 121 120 120]
 [142 142 142 ... 119 119 118]]","[array([[ True,  True,  True, ...,  True,  True,  True],
       [ True,  True,  True, ...,  True,  True,  True],
       [ True,  True,  True, ...,  True,  True,  True],
       ...,
       [ True,  True,  True, ...,  True,  True,  True],
       [ True,  True,  True, ...,  True,  True,  True],
       [ True,  True,  True, ...,  True,  True,  True]])]","[array([[False, False, False, ..., False, False, False],
       [False, False, False, ..., False, False, False],
       [False, False, False, ..., False, False, False],
       ...,
       [False, False, False, ..., False, False, False],
       [False, False, False, ..., False, False, False],
       [False, False, False, ..., False, False, False]])]",18,541
t1114,"[[134 134 134 ... 130 127 129]
 [134 134 137 ... 128 128 129]
 [133 134 135 ... 126 128 128]
 ...
 [142 142 143 ... 121 119 120]
 [141 143 141 ... 121 120 119]
 [142 143 141 ... 122 121 120]]","[array([[ True,  True,  True, ...,  True,  True,  True],
       [ True,  True,  True, ...,  True,  True,  True],
       [ True,  True,  True, ...,  True,  True,  True],
       ...,
       [ True,  True,  True, ...,  True,  True,  True],
       [ True,  True,  True, ...,  True,  True,  True],
       [ True,  True,  True, ...,  True,  True,  True]])]","[array([[False, False, False, ..., False, False, False],
       [False, False, False, ..., False, False, False],
       [False, False, False, ..., False, False, False],
       ...,
       [False, False, False, ..., False, False, False],
       [False, False, False, ..., False, False, False],
       [False, False, False, ..., False, False, False]])]",6,531
t1128,"[[132 133 133 ... 129 128 127]
 [132 132 131 ... 127 126 126]
 [134 132 131 ... 127 127 127]
 ...
 [143 143 142 ... 121 121 121]
 [142 140 142 ... 120 119 121]
 [140 142 141 ... 119 120 121]]","[array([[ True,  True,  True, ...,  True,  True,  True],
       [ True,  True,  True, ...,  True,  True,  True],
       [ True,  True,  True, ...,  True,  True,  True],
       ...,
       [ True,  True,  True, ...,  True,  True,  True],
       [ True,  True,  True, ...,  True,  True,  True],
       [ True,  True,  True, ...,  True,  True,  True]])]","[array([[False, False, False, ..., False, False, False],
       [False, False, False, ..., False, False, False],
       [False, False, False, ..., False, False, False],
       ...,
       [False, False, False, ..., False, False, False],
       [False, False, False, ..., False, False, False],
       [False, False, False, ..., False, False, False]])]",7,583
t1175,"[[134 134 134 ... 129 130 128]
 [135 134 134 ... 127 129 128]
 [133 133 133 ... 127 129 127]
 ...
 [141 141 142 ... 119 121 121]
 [142 141 141 ... 119 120 120]
 [141 139 139 ... 120 120 119]]","[array([[ True,  True,  True, ...,  True,  True,  True],
       [ True,  True,  True, ...,  True,  True,  True],
       [ True,  True,  True, ...,  True,  True,  True],
       ...,
       [ True,  True,  True, ...,  True,  True,  True],
       [ True,  True,  True, ...,  True,  True,  True],
       [ True,  True,  True, ...,  True,  True,  True]])]","[array([[False, False, False, ..., False, False, False],
       [False, False, False, ..., False, False, False],
       [False, False, False, ..., False, False, False],
       ...,
       [False, False, False, ..., False, False, False],
       [False, False, False, ..., False, False, False],
       [False, False, False, ..., False, False, False]])]",10,772
t1200,"[[134 134 133 ... 129 128 128]
 [133 134 133 ... 129 127 126]
 [131 134 133 ... 128 130 129]
 ...
 [142 141 142 ... 119 120 119]
 [140 141 140 ... 120 120 120]
 [141 142 140 ... 120 120 119]]","[array([[ True,  True,  True, ...,  True,  True,  True],
       [ True,  True,  True, ...,  True,  True,  True],
       [ True,  True,  True, ...,  True,  True,  True],
       ...,
       [ True,  True,  True, ...,  True,  True,  True],
       [ True,  True,  True, ...,  True,  True,  True],
       [ True,  True,  True, ...,  True,  True,  True]])]","[array([[False, False, False, ..., False, False, False],
       [False, False, False, ..., False, False, False],
       [False, False, False, ..., False, False, False],
       ...,
       [False, False, False, ..., False, False, False],
       [False, False, False, ..., False, False, False],
       [False, False, False, ..., False, False, False]])]",12,811
t1300,"[[132 135 134 ... 129 128 129]
 [132 133 135 ... 130 128 127]
 [132 133 134 ... 128 128 128]
 ...
 [141 142 141 ... 121 120 120]
 [140 142 141 ... 120 120 120]
 [142 141 141 ... 119 120 119]]","[array([[ True,  True,  True, ...,  True,  True,  True],
       [ True,  True,  True, ...,  True,  True,  True],
       [ True,  True,  True, ...,  True,  True,  True],
       ...,
       [ True,  True,  True, ...,  True,  True,  True],
       [ True,  True,  True, ...,  True,  True,  True],
       [ True,  True,  True, ...,  True,  True,  True]])]","[array([[False, False, False, ..., False, False, False],
       [False, False, False, ..., False, False, False],
       [False, False, False, ..., False, False, False],
       ...,
       [False, False, False, ..., False, False, False],
       [False, False, False, ..., False, False, False],
       [False, False, False, ..., False, False, False]])]",13,885
t1400,"[[131 132 135 ... 131 129 128]
 [133 134 134 ... 129 126 127]
 [132 133 133 ... 128 128 128]
 ...
 [140 140 140 ... 120 120 117]
 [142 143 139 ... 120 120 118]
 [143 141 140 ... 117 121 120]]","[array([[ True,  True,  True, ...,  True,  True,  True],
       [ True,  True,  True, ...,  True,  True,  True],
       [ True,  True,  True, ...,  True,  True,  True],
       ...,
       [ True,  True,  True, ...,  True,  True,  True],
       [ True,  True,  True, ...,  True,  True,  True],
       [ True,  True,  True, ...,  True,  True,  True]])]","[array([[False, False, False, ..., False, False, False],
       [False, False, False, ..., False, False, False],
       [False, False, False, ..., False, False, False],
       ...,
       [False, False, False, ..., False, False, False],
       [False, False, False, ..., False, False, False],
       [False, False, False, ..., False, False, False]])]",10,817
t1564,"[[133 133 133 ... 127 127 126]
 [133 132 133 ... 128 127 126]
 [132 132 132 ... 127 127 126]
 ...
 [139 140 138 ... 117 119 120]
 [137 138 139 ... 120 120 120]
 [139 140 141 ... 118 117 119]]","[array([[ True,  True,  True, ...,  True,  True,  True],
       [ True,  True,  True, ...,  True,  True,  True],
       [ True,  True,  True, ...,  True,  True,  True],
       ...,
       [ True,  True,  True, ...,  True,  True,  True],
       [ True,  True,  True, ...,  True,  True,  True],
       [ True,  True,  True, ...,  True,  True,  True]])]","[array([[False, False, False, ..., False, False, False],
       [False, False, False, ..., False, False, False],
       [False, False, False, ..., False, False, False],
       ...,
       [False, False, False, ..., False, False, False],
       [False, False, False, ..., False, False, False],
       [False, False, False, ..., False, False, False]])]",10,954
t1616,"[[133 134 133 ... 125 127 126]
 [130 134 134 ... 127 126 128]
 [132 132 133 ... 127 128 127]
 ...
 [138 138 139 ... 118 117 117]
 [139 140 140 ... 118 119 119]
 [138 139 143 ... 120 119 119]]","[array([[ True,  True,  True, ...,  True,  True,  True],
       [ True,  True,  True, ...,  True,  True,  True],
       [ True,  True,  True, ...,  True,  True,  True],
       ...,
       [ True,  True,  True, ...,  True,  True,  True],
       [ True,  True,  True, ...,  True,  True,  True],
       [ True,  True,  True, ...,  True,  True,  True]])]","[array([[False, False, False, ..., False, False, False],
       [False, False, False, ..., False, False, False],
       [False, False, False, ..., False, False, False],
       ...,
       [False, False, False, ..., False, False, False],
       [False, False, False, ..., False, False, False],
       [False, False, False, ..., False, False, False]])]",28,1039
t1621,"[[132 132 133 ... 127 127 126]
 [132 132 133 ... 128 126 127]
 [131 130 131 ... 128 127 127]
 ...
 [140 141 141 ... 116 116 118]
 [139 138 139 ... 117 121 121]
 [142 141 140 ... 119 118 118]]","[array([[ True,  True,  True, ...,  True,  True,  True],
       [ True,  True,  True, ...,  True,  True,  True],
       [ True,  True,  True, ...,  True,  True,  True],
       ...,
       [ True,  True,  True, ...,  True,  True,  True],
       [ True,  True,  True, ...,  True,  True,  True],
       [ True,  True,  True, ...,  True,  True,  True]])]","[array([[False, False, False, ..., False, False, False],
       [False, False, False, ..., False, False, False],
       [False, False, False, ..., False, False, False],
       ...,
       [False, False, False, ..., False, False, False],
       [False, False, False, ..., False, False, False],
       [False, False, False, ..., False, False, False]])]",31,985
t1623,"[[133 132 134 ... 125 127 127]
 [131 132 132 ... 127 127 127]
 [132 133 132 ... 127 128 129]
 ...
 [139 139 140 ... 119 117 118]
 [140 140 140 ... 117 118 118]
 [141 140 141 ... 119 119 119]]","[array([[ True,  True,  True, ...,  True,  True,  True],
       [ True,  True,  True, ...,  True,  True,  True],
       [ True,  True,  True, ...,  True,  True,  True],
       ...,
       [ True,  True,  True, ...,  True,  True,  True],
       [ True,  True,  True, ...,  True,  True,  True],
       [ True,  True,  True, ...,  True,  True,  True]])]","[array([[False, False, False, ..., False, False, False],
       [False, False, False, ..., False, False, False],
       [False, False, False, ..., False, False, False],
       ...,
       [False, False, False, ..., False, False, False],
       [False, False, False, ..., False, False, False],
       [False, False, False, ..., False, False, False]])]",17,1051
t1763,"[[132 133 133 ... 129 128 128]
 [132 132 131 ... 126 126 126]
 [131 133 132 ... 127 126 127]
 ...
 [139 138 139 ... 118 118 118]
 [139 140 141 ... 120 121 121]
 [139 140 140 ... 118 117 118]]","[array([[ True,  True,  True, ...,  True,  True,  True],
       [ True,  True,  True, ...,  True,  True,  True],
       [ True,  True,  True, ...,  True,  True,  True],
       ...,
       [ True,  True,  True, ...,  True,  True,  True],
       [ True,  True,  True, ...,  True,  True,  True],
       [ True,  True,  True, ...,  True,  True,  True]])]","[array([[False, False, False, ..., False, False, False],
       [False, False, False, ..., False, False, False],
       [False, False, False, ..., False, False, False],
       ...,
       [False, False, False, ..., False, False, False],
       [False, False, False, ..., False, False, False],
       [False, False, False, ..., False, False, False]])]",33,1333
